benchmark,variant,size,threads,metric_name,m5_time_mean_ms,m5_time_std_ms,m5_metric_mean,m5_compiler_config,i5_time_mean_ms,i5_time_std_ms,i5_metric_mean,i5_compiler_config,speedup_m5
matrix,parallel,512,2,gflops,72.49310820000001,1.915866835174014,3.7049520758,AppleClang 21.0.0.21000101; C++17; Release; -O2 -fno-vectorize -fno-slp-vectorize -fno-unroll-loops -fno-fast-math,161.95,4.462633303331114,1.65855247678,GNU 16.1.0; C++17; Release; -O2 -fno-tree-vectorize -fno-tree-slp-vectorize -fno-unroll-loops -fno-fast-math,2.234005466467224
matrix,parallel,512,4,gflops,40.051941799999994,1.5428183707117618,6.7102175187,AppleClang 21.0.0.21000101; C++17; Release; -O2 -fno-vectorize -fno-slp-vectorize -fno-unroll-loops -fno-fast-math,172.704,114.02150779348607,2.00549266358,GNU 16.1.0; C++17; Release; -O2 -fno-tree-vectorize -fno-tree-slp-vectorize -fno-unroll-loops -fno-fast-math,4.312000673085969
matrix,parallel,512,8,gflops,24.7739834,0.6336764222158667,10.84093536856,AppleClang 21.0.0.21000101; C++17; Release; -O2 -fno-vectorize -fno-slp-vectorize -fno-unroll-loops -fno-fast-math,58.309400000000004,4.96126110983891,4.631576154279999,GNU 16.1.0; C++17; Release; -O2 -fno-tree-vectorize -fno-tree-slp-vectorize -fno-unroll-loops -fno-fast-math,2.353654600414401
matrix,serial,128,1,gflops,0.9947084,0.019336027831485934,4.21790169792,AppleClang 21.0.0.21000101; C++17; Release; -O2 -fno-vectorize -fno-slp-vectorize -fno-unroll-loops -fno-fast-math,1.2344000000000002,0.17549729342642303,3.45206818446,GNU 16.1.0; C++17; Release; -O2 -fno-tree-vectorize -fno-tree-slp-vectorize -fno-unroll-loops -fno-fast-math,1.2409666993864736
matrix,serial,256,1,gflops,9.6672082,0.009806454083918182,3.4709565494000003,AppleClang 21.0.0.21000101; C++17; Release; -O2 -fno-vectorize -fno-slp-vectorize -fno-unroll-loops -fno-fast-math,9.972399999999999,0.4521197850127774,3.3702534465600005,GNU 16.1.0; C++17; Release; -O2 -fno-tree-vectorize -fno-tree-slp-vectorize -fno-unroll-loops -fno-fast-math,1.0315697969554436
matrix,serial,512,1,gflops,130.5421002,0.10660610672799764,2.05631439086,AppleClang 21.0.0.21000101; C++17; Release; -O2 -fno-vectorize -fno-slp-vectorize -fno-unroll-loops -fno-fast-math,300.50079999999997,7.038802895379297,0.89367980088,GNU 16.1.0; C++17; Release; -O2 -fno-tree-vectorize -fno-tree-slp-vectorize -fno-unroll-loops -fno-fast-math,2.301945499111864
matrix,serial,1024,1,gflops,1179.5220998,1.7420491620945622,1.82064192728,AppleClang 21.0.0.21000101; C++17; Release; -O2 -fno-vectorize -fno-slp-vectorize -fno-unroll-loops -fno-fast-math,3247.224,179.94231638639064,0.66287970042,GNU 16.1.0; C++17; Release; -O2 -fno-tree-vectorize -fno-tree-slp-vectorize -fno-unroll-loops -fno-fast-math,2.752999711112323
memory,random,32768,1,million_accesses_per_s,1.046507,0.044222899167738756,4013.6314155386335,AppleClang 21.0.0.21000101; C++17; Release; -O2 -fno-vectorize -fno-slp-vectorize -fno-unroll-loops -fno-fast-math,1.6572,0.3562417718348032,2621.6708193393397,GNU 16.1.0; C++17; Release; -O2 -fno-tree-vectorize -fno-tree-slp-vectorize -fno-unroll-loops -fno-fast-math,1.5835536694928938
memory,random,65536,1,million_accesses_per_s,0.9974000000000001,0.006873446806370121,4205.39663701034,AppleClang 21.0.0.21000101; C++17; Release; -O2 -fno-vectorize -fno-slp-vectorize -fno-unroll-loops -fno-fast-math,2.0324,0.2950462675581577,2099.98672547938,GNU 16.1.0; C++17; Release; -O2 -fno-tree-vectorize -fno-tree-slp-vectorize -fno-unroll-loops -fno-fast-math,2.0376980148385804
memory,random,262144,1,million_accesses_per_s,1.7312334,0.04431851643275076,2424.0345086973402,AppleClang 21.0.0.21000101; C++17; Release; -O2 -fno-vectorize -fno-slp-vectorize -fno-unroll-loops -fno-fast-math,2.1812,0.2597300521695555,1946.3972175375197,GNU 16.1.0; C++17; Release; -O2 -fno-tree-vectorize -fno-tree-slp-vectorize -fno-unroll-loops -fno-fast-math,1.259910997558157
memory,random,1048576,1,million_accesses_per_s,1.9831168000000001,0.01515667422952667,2115.10494168778,AppleClang 21.0.0.21000101; C++17; Release; -O2 -fno-vectorize -fno-slp-vectorize -fno-unroll-loops -fno-fast-math,3.1486,0.9549098386758827,1422.2579468455601,GNU 16.1.0; C++17; Release; -O2 -fno-tree-vectorize -fno-tree-slp-vectorize -fno-unroll-loops -fno-fast-math,1.587702751547463
memory,random,4194304,1,million_accesses_per_s,2.3082751999999997,0.032970372771626386,1817.37002290122,AppleClang 21.0.0.21000101; C++17; Release; -O2 -fno-vectorize -fno-slp-vectorize -fno-unroll-loops -fno-fast-math,7.631400000000001,0.7514072131674011,553.90705744104,GNU 16.1.0; C++17; Release; -O2 -fno-tree-vectorize -fno-tree-slp-vectorize -fno-unroll-loops -fno-fast-math,3.306104921978108
memory,random,16777216,1,million_accesses_per_s,2.8002998,0.1388309237641239,1500.8867210479,AppleClang 21.0.0.21000101; C++17; Release; -O2 -fno-vectorize -fno-slp-vectorize -fno-unroll-loops -fno-fast-math,18.9238,1.1723223532800178,222.33027036348,GNU 16.1.0; C++17; Release; -O2 -fno-tree-vectorize -fno-tree-slp-vectorize -fno-unroll-loops -fno-fast-math,6.757776435223114
memory,random,67108864,1,million_accesses_per_s,36.51975,0.19280575888702348,459.41137562878004,AppleClang 21.0.0.21000101; C++17; Release; -O2 -fno-vectorize -fno-slp-vectorize -fno-unroll-loops -fno-fast-math,154.6886,19.67187345679104,109.73853607304,GNU 16.1.0; C++17; Release; -O2 -fno-tree-vectorize -fno-tree-slp-vectorize -fno-unroll-loops -fno-fast-math,4.235751887677216
memory,random,268435456,1,million_accesses_per_s,196.5152002,0.8181919588872079,341.49924315434,AppleClang 21.0.0.21000101; C++17; Release; -O2 -fno-vectorize -fno-slp-vectorize -fno-unroll-loops -fno-fast-math,535.3556000000001,8.56877320857541,125.37929853336,GNU 16.1.0; C++17; Release; -O2 -fno-tree-vectorize -fno-tree-slp-vectorize -fno-unroll-loops -fno-fast-math,2.724245246449898
memory,sequential,32768,1,million_accesses_per_s,1.1287361666666667,0.18331131335454087,3781.712042665033,AppleClang 21.0.0.21000101; C++17; Release; -O2 -fno-vectorize -fno-slp-vectorize -fno-unroll-loops -fno-fast-math,1.171,0.06524952107103922,3590.4571354954596,GNU 16.1.0; C++17; Release; -O2 -fno-tree-vectorize -fno-tree-slp-vectorize -fno-unroll-loops -fno-fast-math,1.0374435005995644
memory,sequential,65536,1,million_accesses_per_s,0.9906414,0.0073592541945498675,4234.11433024112,AppleClang 21.0.0.21000101; C++17; Release; -O2 -fno-vectorize -fno-slp-vectorize -fno-unroll-loops -fno-fast-math,1.1187999999999998,0.08082202670064645,3763.7713479231197,GNU 16.1.0; C++17; Release; -O2 -fno-tree-vectorize -fno-tree-slp-vectorize -fno-unroll-loops -fno-fast-math,1.1293693156777012
memory,sequential,262144,1,million_accesses_per_s,0.983625,0.020160436366805142,4265.539911783841,AppleClang 21.0.0.21000101; C++17; Release; -O2 -fno-vectorize -fno-slp-vectorize -fno-unroll-loops -fno-fast-math,1.3397999999999999,0.2600897921872367,3217.45801999068,GNU 16.1.0; C++17; Release; -O2 -fno-tree-vectorize -fno-tree-slp-vectorize -fno-unroll-loops -fno-fast-math,1.3621044605413648
memory,sequential,1048576,1,million_accesses_per_s,0.9696334,0.004824203177727879,4325.745290701239,AppleClang 21.0.0.21000101; C++17; Release; -O2 -fno-vectorize -fno-slp-vectorize -fno-unroll-loops -fno-fast-math,1.099,0.033830459648074504,3819.30408575236,GNU 16.1.0; C++17; Release; -O2 -fno-tree-vectorize -fno-tree-slp-vectorize -fno-unroll-loops -fno-fast-math,1.1334180526372133
memory,sequential,4194304,1,million_accesses_per_s,0.97525,0.012080533018041894,4301.2743256831,AppleClang 21.0.0.21000101; C++17; Release; -O2 -fno-vectorize -fno-slp-vectorize -fno-unroll-loops -fno-fast-math,1.1368,0.09810045871452386,3710.0626887614003,GNU 16.1.0; C++17; Release; -O2 -fno-tree-vectorize -fno-tree-slp-vectorize -fno-unroll-loops -fno-fast-math,1.1656498333760574
memory,sequential,16777216,1,million_accesses_per_s,1.00235,0.0095120855231648,4184.7702431546,AppleClang 21.0.0.21000101; C++17; Release; -O2 -fno-vectorize -fno-slp-vectorize -fno-unroll-loops -fno-fast-math,1.438,0.22448496608904567,2966.1749782774,GNU 16.1.0; C++17; Release; -O2 -fno-tree-vectorize -fno-tree-slp-vectorize -fno-unroll-loops -fno-fast-math,1.434628622736569
memory,sequential,67108864,1,million_accesses_per_s,4.0013084,0.022198164593046833,4193.035062683999,AppleClang 21.0.0.21000101; C++17; Release; -O2 -fno-vectorize -fno-slp-vectorize -fno-unroll-loops -fno-fast-math,6.3664000000000005,0.43924116382688916,2644.95250216018,GNU 16.1.0; C++17; Release; -O2 -fno-tree-vectorize -fno-tree-slp-vectorize -fno-unroll-loops -fno-fast-math,1.5910795578766186
memory,sequential,268435456,1,million_accesses_per_s,15.980366799999999,0.05072089411869656,4199.49083025414,AppleClang 21.0.0.21000101; C++17; Release; -O2 -fno-vectorize -fno-slp-vectorize -fno-unroll-loops -fno-fast-math,23.0398,0.6714962397511982,2914.67914740592,GNU 16.1.0; C++17; Release; -O2 -fno-tree-vectorize -fno-tree-slp-vectorize -fno-unroll-loops -fno-fast-math,1.4417566435333637
quicksort,hoare,100000,1,none,3.9937166,0.051723718783552315,0.0,AppleClang 21.0.0.21000101; C++17; Release; -O2 -fno-vectorize -fno-slp-vectorize -fno-unroll-loops -fno-fast-math,6.715000000000001,0.46680724073218915,0.0,GNU 16.1.0; C++17; Release; -O2 -fno-tree-vectorize -fno-tree-slp-vectorize -fno-unroll-loops -fno-fast-math,1.68139121338755
quicksort,hoare,1000000,1,none,46.1775916,0.1758267523694839,0.0,AppleClang 21.0.0.21000101; C++17; Release; -O2 -fno-vectorize -fno-slp-vectorize -fno-unroll-loops -fno-fast-math,75.4456,2.4532739961121344,0.0,GNU 16.1.0; C++17; Release; -O2 -fno-tree-vectorize -fno-tree-slp-vectorize -fno-unroll-loops -fno-fast-math,1.633814094366931
quicksort,hoare,5000000,1,none,245.960325,0.10885993680184364,0.0,AppleClang 21.0.0.21000101; C++17; Release; -O2 -fno-vectorize -fno-slp-vectorize -fno-unroll-loops -fno-fast-math,409.6576,11.005137404866865,0.0,GNU 16.1.0; C++17; Release; -O2 -fno-tree-vectorize -fno-tree-slp-vectorize -fno-unroll-loops -fno-fast-math,1.665543416402625
quicksort,hoare,10000000,1,none,520.8613832,2.618629268044887,0.0,AppleClang 21.0.0.21000101; C++17; Release; -O2 -fno-vectorize -fno-slp-vectorize -fno-unroll-loops -fno-fast-math,860.8564,12.106285900308139,0.0,GNU 16.1.0; C++17; Release; -O2 -fno-tree-vectorize -fno-tree-slp-vectorize -fno-unroll-loops -fno-fast-math,1.652755277634873
sieve,eratosthenes,1000000,1,none,1.1355748,0.06661417023952194,0.0,AppleClang 21.0.0.21000101; C++17; Release; -O2 -fno-vectorize -fno-slp-vectorize -fno-unroll-loops -fno-fast-math,0.9753999999999999,0.03148491702387034,0.0,GNU 16.1.0; C++17; Release; -O2 -fno-tree-vectorize -fno-tree-slp-vectorize -fno-unroll-loops -fno-fast-math,0.858948261268214
sieve,eratosthenes,5000000,1,none,5.466925,0.611658044041358,0.0,AppleClang 21.0.0.21000101; C++17; Release; -O2 -fno-vectorize -fno-slp-vectorize -fno-unroll-loops -fno-fast-math,9.9622,0.8098531965733047,0.0,GNU 16.1.0; C++17; Release; -O2 -fno-tree-vectorize -fno-tree-slp-vectorize -fno-unroll-loops -fno-fast-math,1.8222675452836832
sieve,eratosthenes,10000000,1,none,9.217983,0.31677911293044597,0.0,AppleClang 21.0.0.21000101; C++17; Release; -O2 -fno-vectorize -fno-slp-vectorize -fno-unroll-loops -fno-fast-math,22.41,0.3684650594018383,0.0,GNU 16.1.0; C++17; Release; -O2 -fno-tree-vectorize -fno-tree-slp-vectorize -fno-unroll-loops -fno-fast-math,2.4311175232152196
sieve,eratosthenes,50000000,1,none,120.0099252,1.7965071453811976,0.0,AppleClang 21.0.0.21000101; C++17; Release; -O2 -fno-vectorize -fno-slp-vectorize -fno-unroll-loops -fno-fast-math,278.6174,12.086358996819532,0.0,GNU 16.1.0; C++17; Release; -O2 -fno-tree-vectorize -fno-tree-slp-vectorize -fno-unroll-loops -fno-fast-math,2.3216196455057867
